name,thumbnail_id,extent,sector,latitude,longitude
floodRisk,T001,AFRICA,x,0.9676,34.2914
2011_09_29_Blocks_Nhoods_Agencies_All_CF,T002,LAC,x,18.5135,-72.3467
2012_03_09_Campeche_Satellite_SDE,T003,LAC,x,18.5257,-72.337
2011_12_29_2YRDRR_Final,T004,LAC,x,18.539,-72.3348
2012_05_23_Central_America_LARRA_Communities_5-12,T005,LAC,x,12.15,-86.266667
2012_06_12_MyanmarFinal,T006,AMEE,x,19.75,96.1
2012_08_05_PaP_Bilateral_and_Partners_Overview_7.27.11,T007,LAC,x,18.5494,-72.303
2012_08_17_Cases_v_Volunteers,T008,AFRICA,x,8.48445,-13.23445
2013_01_30_DisasterResponse_Q2,T009,GLOBAL,x,25,-40
2013_01_31_Latin_America_Programs_FY13_InternalV2,T010,LAC,x,2.1708,-72.1042
2013_03_29_RFL_MAP,T011,USA,x,38.895111,-77.036667
2013_04_03_ARCT_FY14_Eurasia_Programs,T012,AMEE,x,35.7754,84.9318
2013_3_28_ResponseAppeals,T013,GLOBAL,x,25,-40
AMEE_PO_Coverage_June2013,T014,AMEE,x,35.7754,84.9318
ARC_P019_metropolitan_camps_geology_analysis,T015,LAC,x,18.502778,-72.286111
ARC_P062_v1_LAMIKA_STUDY_AREA_UNSAFE_AREAS_low,T016,LAC,x,18.526667,-72.333333
ARC_P066_V2_CAMPECHE_FIELD_LIGHTING_high,T017,LAC,x,18.525,-72.335
ARC_P074_DELINEATION_low,T018,LAC,x,18.524722,-72.334722
ARC_P09_metropolitan_camps_geology_analysis,T019,LAC,x,18.508333,-72.327778
CaribbeanProgramsFY14,T020,LAC,x,16.2632,-76.0081
GDPC_EngagementMap_FY2013,T021,GLOBAL,x,25,-40
GuluFireRisk,T022,AFRICA,x,2.776256,32.287621
LaPlata_2,T023,LAC,x,-34.920755,-57.95353
IROC,T024,GLOBAL,ONLINE,30,-52
ProgramMaps,T025,GLOBAL,ONLINE,25,-40
Caribbean,T026,LAC,ONLINE,14.1,-78
2013_08_20_RFL_FY12-13,T027,USA,x,38.895111,-77.036667
2013_01_31_Africa_Programs_FY13_External,T028,AFRICA,x,15.965,14.559
2012_01_18_Africa_Programs_January2012,T029,AFRICA,x,15.965,14.559
2011_03_14_Africa_Programs,T030,AFRICA,x,15.965,14.559